{"loss": [1.0741034746170044, 0.3485003411769867, 0.20650026202201843, 0.14081521332263947, 0.10356921702623367, 0.08320818841457367, 0.06781259924173355, 0.057839538902044296, 0.04943346232175827, 0.04300631582736969], "accuracy": [0.6842164993286133, 0.8900348544120789, 0.9332953691482544, 0.9532541632652283, 0.9658581614494324, 0.9725015759468079, 0.9775517582893372, 0.9808236956596375, 0.983270525932312, 0.9859164953231812], "val_loss": [0.37385445833206177, 0.22916728258132935, 0.15706755220890045, 0.12461568415164948, 0.15857107937335968, 0.11589354276657104, 0.12358185648918152, 0.11163321882486343, 0.11785320192575455, 0.14161954820156097], "val_accuracy": [0.8845322132110596, 0.9281243085861206, 0.9490097761154175, 0.9613589644432068, 0.948668360710144, 0.9631800651550293, 0.9641475081443787, 0.9664238691329956, 0.965627133846283, 0.9615297317504883]}